,fecha_view,tipo,sitio_web,nombre_id,precio,puntuacion,direccion,descripccion,ciudad,n_habitaciones
0,2022-10-31,hotel,https://www.expedia.com///Loja-Hotels-Romar-Royal-Hotel.h18741329.Hotel-Information?chkin=2022-11-02&chkout=2022-11-03&x_pwa=1&rfrr=HSR&pwa_ts=1667277853312&referrerUrl=aHR0cHM6Ly93d3cuZXhwZWRpYS5jb20vSG90ZWwtU2VhcmNo&useRewards=true&rm1=a2&regionId=2113&destination=Loja%2C+Loja%2C+Loja+Province%2C+Ecuador&destType=MARKET&sort=RECOMMENDED&top_dp=80&top_cur=USD&userIntent=&selectedRoomType=202030276&selectedRatePlan=210402088,Oro Verde Loja,80,4.8,"Jose Antonio Eguiguren y 18, de Noviembre, Loja, 110108",More travel,loja,2
1,2022-10-31,hotel,https://www.expedia.com///Loja-Hotels-Grand-Victoria-Boutique-Hotel.h3908739.Hotel-Information?chkin=2022-11-02&chkout=2022-11-03&x_pwa=1&rfrr=HSR&pwa_ts=1667277853309&referrerUrl=aHR0cHM6Ly93d3cuZXhwZWRpYS5jb20vSG90ZWwtU2VhcmNo&useRewards=true&rm1=a2&regionId=2113&destination=Loja%2C+Loja%2C+Loja+Province%2C+Ecuador&destType=MARKET&sort=RECOMMENDED&top_dp=75&top_cur=USD&userIntent=&selectedRoomType=200843508&selectedRatePlan=208772214,Grand Victoria Boutique Hotel,75,4.3,"Bernardo Valdivieso 0650 y JA Eguiguren, Loja, Loja, 907",More travel,loja,2
2,2022-10-31,hotel,https://www.expedia.com///Loja-Hotels-Sonesta-Hotel-Loja.h2494907.Hotel-Information?chkin=2022-11-02&chkout=2022-11-03&x_pwa=1&rfrr=HSR&pwa_ts=1667277853309&referrerUrl=aHR0cHM6Ly93d3cuZXhwZWRpYS5jb20vSG90ZWwtU2VhcmNo&useRewards=true&rm1=a2&regionId=2113&destination=Loja%2C+Loja%2C+Loja+Province%2C+Ecuador&destType=MARKET&sort=RECOMMENDED&top_dp=120&top_cur=USD&userIntent=&selectedRoomType=212105747&selectedRatePlan=234125682,Sonesta Hotel Loja,120,4.5,"Av Zoilo Rodriguez, Loja, Loja",More travel,loja,2
3,2022-10-31,hotel,https://www.expedia.com///Loja-Hotels-HOTEL-PODOCARPUS.h17059073.Hotel-Information?chkin=2022-11-02&chkout=2022-11-03&x_pwa=1&rfrr=HSR&pwa_ts=1667277853309&referrerUrl=aHR0cHM6Ly93d3cuZXhwZWRpYS5jb20vSG90ZWwtU2VhcmNo&useRewards=true&rm1=a2&regionId=2113&destination=Loja%2C+Loja%2C+Loja+Province%2C+Ecuador&destType=MARKET&sort=RECOMMENDED&top_dp=39&top_cur=USD&userIntent=&selectedRoomType=201798380&selectedRatePlan=209148310,Hotel Podocarpus,39,4.1,"Jose A. Eguiguren 16-50 entre 18 de, Noviembre, y Av. Univ. Loja, Loja",More travel,loja,2
4,2022-10-31,hotel,https://www.expedia.com///Loja-Hotels-Hotel-Libertador.h13380150.Hotel-Information?chkin=2022-11-02&chkout=2022-11-03&x_pwa=1&rfrr=HSR&pwa_ts=1667277853309&referrerUrl=aHR0cHM6Ly93d3cuZXhwZWRpYS5jb20vSG90ZWwtU2VhcmNo&useRewards=true&rm1=a2&regionId=2113&destination=Loja%2C+Loja%2C+Loja+Province%2C+Ecuador&destType=MARKET&sort=RECOMMENDED&top_dp=56&top_cur=USD&userIntent=&selectedRoomType=201484021&selectedRatePlan=207407841,Hotel Libertador,56,3.9,"Colón 14-30 y Bolívar, Loja, EC110101",More travel,loja,2
5,2022-10-31,hotel,https://www.expedia.com///Loja-Hotels-Zamorano-Real-Hotel.h5103706.Hotel-Information?chkin=2022-11-02&chkout=2022-11-03&x_pwa=1&rfrr=HSR&pwa_ts=1667277853309&referrerUrl=aHR0cHM6Ly93d3cuZXhwZWRpYS5jb20vSG90ZWwtU2VhcmNo&useRewards=true&rm1=a2&regionId=2113&destination=Loja%2C+Loja%2C+Loja+Province%2C+Ecuador&destType=MARKET&sort=RECOMMENDED&top_dp=63&top_cur=USD&userIntent=&selectedRoomType=200796036&selectedRatePlan=211318188,Zamorano Real Hotel,63,4.2,"Miguel Riofrio 14-62, E/Sucre y Bolivar, Loja, Loja, 110101",More travel,loja,2
6,2022-10-31,hotel,https://www.expedia.com///Loja-Hotels-Hosteria-Paraiso.h57349829.Hotel-Information?chkin=2022-11-02&chkout=2022-11-03&x_pwa=1&rfrr=HSR&pwa_ts=1667277853310&referrerUrl=aHR0cHM6Ly93d3cuZXhwZWRpYS5jb20vSG90ZWwtU2VhcmNo&useRewards=true&rm1=a2&regionId=2113&destination=Loja%2C+Loja%2C+Loja+Province%2C+Ecuador&destType=MARKET&sort=RECOMMENDED&top_dp=85&top_cur=USD&userIntent=&selectedRoomType=227743422&selectedRatePlan=258374192,Hostería Paraíso,67,4.8,"Av. Eterna Juventud, Vilcabamba, Loja, 110119",More travel,loja,2
7,2022-10-31,hotel,https://www.expedia.com///Zamora-Hotels-Hotel-Samuria.h57918221.Hotel-Information?chkin=2022-11-02&chkout=2022-11-03&x_pwa=1&rfrr=HSR&pwa_ts=1667277853311&referrerUrl=aHR0cHM6Ly93d3cuZXhwZWRpYS5jb20vSG90ZWwtU2VhcmNo&useRewards=true&rm1=a2&regionId=2113&destination=Loja%2C+Loja%2C+Loja+Province%2C+Ecuador&destType=MARKET&sort=RECOMMENDED&top_dp=47&top_cur=USD&userIntent=&selectedRoomType=225906586&selectedRatePlan=246290167,Hotel Samuria,47,4.0,"24 de Mayo, Zamora, Zamora-Chinchipe",More travel,loja,2
0,2022-10-31,hotel,https://www.expedia.com///Ambato-Hotels-Hotel-La-Kapital.h70925195.Hotel-Information?chkin=2022-11-02&chkout=2022-11-03&x_pwa=1&rfrr=HSR&pwa_ts=1667278341751&referrerUrl=aHR0cHM6Ly93d3cuZXhwZWRpYS5jb20vSG90ZWwtU2VhcmNo&useRewards=true&rm1=a2&regionId=6150423&destination=Ambato%2C+Tungurahua%2C+Ecuador&destType=MARKET&sort=RECOMMENDED&top_dp=137&top_cur=USD&userIntent=&selectedRoomType=315557469&selectedRatePlan=383914780,Hotel La Kapital,158,3.7,"Olmedo, Ambato, Tungurahua, 180150",More travel,ambato,2
1,2022-10-31,hotel,https://www.expedia.com///Ambato-Hotels-Hotel-Novalux.h24171692.Hotel-Information?chkin=2022-11-02&chkout=2022-11-03&x_pwa=1&rfrr=HSR&pwa_ts=1667278341750&referrerUrl=aHR0cHM6Ly93d3cuZXhwZWRpYS5jb20vSG90ZWwtU2VhcmNo&useRewards=true&rm1=a2&regionId=6150423&destination=Ambato%2C+Tungurahua%2C+Ecuador&destType=MARKET&sort=RECOMMENDED&top_dp=80&top_cur=USD&userIntent=&selectedRoomType=216910643&selectedRatePlan=266038566,Hotel Novalux,80,4.5,"Avenida Cevallos 15-34 y Martinez, Ambato",More travel,ambato,2
2,2022-10-31,hotel,https://www.expedia.com///Ambato-Hotels-JE-Hotel.h27140692.Hotel-Information?chkin=2022-11-02&chkout=2022-11-03&x_pwa=1&rfrr=HSR&pwa_ts=1667278341750&referrerUrl=aHR0cHM6Ly93d3cuZXhwZWRpYS5jb20vSG90ZWwtU2VhcmNo&useRewards=true&rm1=a2&regionId=6150423&destination=Ambato%2C+Tungurahua%2C+Ecuador&destType=MARKET&sort=RECOMMENDED&top_dp=45&top_cur=USD&userIntent=&selectedRoomType=216014193&selectedRatePlan=260049406,J&E hotel,45,3.6,"Batalla de Tarqui, Ambato, Tungurahua, 180205",More travel,ambato,2
3,2022-10-31,hotel,https://www.expedia.com///Ambato-Hotels-Hotel-La-Algodonera.h36292366.Hotel-Information?chkin=2022-11-02&chkout=2022-11-03&x_pwa=1&rfrr=HSR&pwa_ts=1667278341750&referrerUrl=aHR0cHM6Ly93d3cuZXhwZWRpYS5jb20vSG90ZWwtU2VhcmNo&useRewards=true&rm1=a2&regionId=6150423&destination=Ambato%2C+Tungurahua%2C+Ecuador&destType=MARKET&sort=RECOMMENDED&top_dp=64&top_cur=USD&userIntent=&selectedRoomType=214213071&selectedRatePlan=248111627,Hotel La Algodonera,64,4.2,"Av. Lizardo Ruiz y Eloy Alfaro, Ambato, Tungurahua, 180101",More travel,ambato,2
4,2022-10-31,hotel,https://www.expedia.com///Pelileo-Hotels-Hostal-Runa-Huasi.h40156008.Hotel-Information?chkin=2022-11-02&chkout=2022-11-03&x_pwa=1&rfrr=HSR&pwa_ts=1667278341752&referrerUrl=aHR0cHM6Ly93d3cuZXhwZWRpYS5jb20vSG90ZWwtU2VhcmNo&useRewards=true&rm1=a2&regionId=6150423&destination=Ambato%2C+Tungurahua%2C+Ecuador&destType=MARKET&sort=RECOMMENDED&top_dp=30&top_cur=USD&userIntent=&selectedRoomType=215753476&selectedRatePlan=258236402,Hostal Runa Huasi,15,5.0,"Comunidad Manzana Pamba Chico, Salasaca, Tungurahua, 180758",More travel,ambato,2
5,2022-10-31,hotel,https://www.expedia.com///Tizaleo-Hotels-Hosteria-Pakari.h36134176.Hotel-Information?chkin=2022-11-02&chkout=2022-11-03&x_pwa=1&rfrr=HSR&pwa_ts=1667278341753&referrerUrl=aHR0cHM6Ly93d3cuZXhwZWRpYS5jb20vSG90ZWwtU2VhcmNo&useRewards=true&rm1=a2&regionId=6150423&destination=Ambato%2C+Tungurahua%2C+Ecuador&destType=MARKET&sort=RECOMMENDED&top_dp=40&top_cur=USD&userIntent=&selectedRoomType=216039004&selectedRatePlan=260182648,Hostería El Tisaleño,40,5.0,"Panamerica Sur km 12, Ambato, Tizaleo, Tungurahua, 180205",More travel,ambato,2
6,2022-10-31,hotel,https://www.expedia.com///Banos-De-Agua-Santa-Hotels-Ayamtai-Jea-Guest-House.h12445510.Hotel-Information?chkin=2022-11-02&chkout=2022-11-03&x_pwa=1&rfrr=HSR&pwa_ts=1667278341752&referrerUrl=aHR0cHM6Ly93d3cuZXhwZWRpYS5jb20vSG90ZWwtU2VhcmNo&useRewards=true&rm1=a2&regionId=6150423&destination=Ambato%2C+Tungurahua%2C+Ecuador&destType=MARKET&sort=RECOMMENDED&top_dp=80&top_cur=USD&userIntent=&selectedRoomType=219000847&selectedRatePlan=280001857,Ayamtai Jea Guest House,80,5.0,"Juan Leon Mera y los Misioneros, Baños de Agua Santa",More travel,ambato,2
7,2022-10-31,hotel,https://www.expedia.com///Banos-De-Agua-Santa-Hotels-Hotel-La-Casa-Amarilla-City.h17086768.Hotel-Information?chkin=2022-11-02&chkout=2022-11-03&x_pwa=1&rfrr=HSR&pwa_ts=1667278341752&referrerUrl=aHR0cHM6Ly93d3cuZXhwZWRpYS5jb20vSG90ZWwtU2VhcmNo&useRewards=true&rm1=a2&regionId=6150423&destination=Ambato%2C+Tungurahua%2C+Ecuador&destType=MARKET&sort=RECOMMENDED&top_dp=42&top_cur=USD&userIntent=&selectedRoomType=221741947&selectedRatePlan=298203855,Hotel La Casa Amarilla City,42,4.3,"Calle Ambato y Pastaza, Baños de Agua Santa, Tungurahua, 180250",More travel,ambato,2
8,2022-10-31,hotel,https://www.expedia.com///Banos-De-Agua-Santa-Hotels-La-Casa-Del-Molino-Blanco-BB.h16761769.Hotel-Information?chkin=2022-11-02&chkout=2022-11-03&x_pwa=1&rfrr=HSR&pwa_ts=1667278341751&referrerUrl=aHR0cHM6Ly93d3cuZXhwZWRpYS5jb20vSG90ZWwtU2VhcmNo&useRewards=true&rm1=a2&regionId=6150423&destination=Ambato%2C+Tungurahua%2C+Ecuador&destType=MARKET&sort=RECOMMENDED&top_dp=29&top_cur=USD&userIntent=&selectedRoomType=201773501&selectedRatePlan=209088076,La Casa del Molino Blanco B&B,29,4.3,"Misioneros Dominicanos y Juan Leon Mera, San Jose, Baños de Agua Santa, Tungurahua, EC180250",More travel,ambato,2
0,2022-10-31,hotel,https://www.expedia.com///Quito-Hotels-JW-Marriott-Hotel-Quito.h425875.Hotel-Information?chkin=2022-11-02&chkout=2022-11-03&x_pwa=1&rfrr=HSR&pwa_ts=1667276014714&referrerUrl=aHR0cHM6Ly93d3cuZXhwZWRpYS5jb20vSG90ZWwtU2VhcmNo&useRewards=true&rm1=a2&regionId=3623&destination=Quito%2C+Pichincha%2C+Ecuador&destType=MARKET&trackingData=AAAAAQAAAAEAAAAQpicVGW53hqJnIXR-ikXgPWffc98zW-e67mYdEGz6PQsMt28H4gn0wMMp7cCfzMoFCfial4jZY4smRYTNTbDh9BI_5oZBZwTqVE2BkagPsY5XjeolhWkOClDRdL-Vh585_fm6stNvQh1l8O6gacwuz7pNLwT6CEWasNCqJYEUxVDsbChDEa-7J2gNmbSkxrR92DrwXGoC07SJKdhSQ79Fkgey-kPVFyg4RbaC6EcwIZyw9hezIDa3wN3pE0m_CcbaeZgpCwaXcAScSBV7gnTEiKu2T2G4zhv3xPFRtaIOvpFLVZITKVUzxJxTKNfKIRqll5KPpKQGQmkGmADYjhKeqvlQsb2tEHDxZZrM5LDPMNgaaNW-_awfSjkls6NoG-2oMwmtWSUUot1oQT8Ei_LutVxPykz7lX0yPndFjeiBU5j6pZ7_h4vOFMOszykaMKx3MZ__ubJwMh3ezKhLc_9QX_fgUSmfPnRGs9sbMStyixWDRPLZUd1L9bgQZyeH3jAZGqE1bQ-LgKG5R47z18TbQ8xy32myCz6Sy-T8cK19lHFEFzQm4jidxLA8Y2mP210eBajO_Hm5fkVERQv9fxOh5p-hDalrRh-gCXDj3ks7o8S_KMU6B0ECpRdSYRj0aXaJqXHV6_uFiMrQ45EUs3K_JmAxwEVfdTU2MLYBAeDfJDPSstOIJBSWsaQkrat-Fzr9SYa_7FymURx2zKwWIIxRP8OhF2eTSBmHXjvJDQyCRHcQsuiXARu3Xhr9R2aNbTy75UJJc6uoe1iaDq2DidRk1xulEGaQOjTAlzvERGm1rI9FJid1dkj-YvIDuumZaA6ap9a1sgeAJR9qLcu70-pcuqsfvqmGk5uupOeMDIhQ6BG2A4K3P5OPUV45x1wSRxiakDR0IcAye14usC8ABZDhsVreUY_QixncudUzqpsMFgWD5TSgkSHRobkFbZq2U1Sy7LGfYkFXwy4OXa9Opf7EsH-L4Q_sqBOCS2dvyI19Fc2cJkFhnTRrEM3hV4oAZU2ZvUL9f2jx-hs7NgkMpGYLGlbFqip_1YdS1pJuxmiEcA9jS7AieX10PatFl_Irs7pVj3kBN6xBSJ8WX8Mj22g_HxrHDp7NHgf7GyfKWhVvet7tH221FmwnjtywuQF1-E8nNTHgerefgbOMwc7_oMYTEflUygIUqNs2K7aPjiKhbI7cyHNQKBVqacoUk_3tdyK_NTGYihdx72ynEH9QqfZXvWgP9zUnUhaIJRvm3PSfvqRjpsXTxgi5T58MW2wSz5sCIb1vlOFYBhte6JH0_-H6EE8tMeCVOnhjWsJ9waoPHYi9Plf3Xw78a59CYWgrCUrUGC2PtJdPeLxdqOn6c8pjDjpNlghTZSxU2-xjYS2KwtpNjPNYiKaySdXzGvYdUAkFaLdr5Q3pXRSuV_OjaCBXpJFMfa922mQbos1IfJzTbi3ClLFxeT0VP3WqThuHHSAy6Rp9b_DTDZa7_MeWvMc769qEF4cyDZFOL486LPlDqX5JxJ_Sbw65uQ_XiFDUJuqGb7udjmFzC5JZPK64nOMe0hfKFsaeEc3RuF_KtI_B77K7i15-OGwecdTxxUft8BMDPHyPlcbeFwMn_jRFrEavA_m8jCFEF1lWYQbmCd3Hng5UhiqIXwLZ86SHK5LdSVeyGSmjnOy0RwrmDONAXCmQZwWtPUrwtRtFflSW-aytteuMbaynn0feqXySSmbLzLpDeIxeXYTLQrwV6LDM8XFc4xAHZ2tQo2Oev4kuw-pRy0_koOTHfii-OTo2t64ey42bSrAMSgdhKpKSr9bQ97dYXrBqWE_QB3l8IUS1sc35XPWveKUJ1P8PNTPvV-l74148J1ZfGkTahw0KCg-AERfNzMumH4yQRbwzGwApdGQqUqHYRbgU0sWtXURMmyKTX4WrJWoSYFT3nxBbc4h_Llz3HQLa3ZE46o-3Hqu6PffLAqBuNvq22ne1ZIf0J-5EHK8ugSylxzUV4u7_0gmj3YQlVuPrd6JFZhDc4syFSW_uczxS3dxXEeCf8lpg8BDdRMo5z3o3f4lgmlQf8tjw8yqrfyaq_bOnB00vXfv14ShNzP-pTNCSfQXbKckiFILYl8qu2A34THfHFwGxIlrYYVmOkFaxhhva8gNUamCjikyJBjWdwrJIsiPHNItNI7AhY-WNY_y7O4xd_g5lkf3FGbAkTeHmb3-y-abCIaI-Kvh0N90uWpqch5aH5tk-HbRgpTHUxaahyLRJeTVwgi0aX93YXmNIXUGYr2lhQw7WCl0gBfFz3vQyrX1A5qqkkYL2yKKElMkP5hrDAR1KfVt_6fszwDJ8cmKAyfVJTTEgzs_xStyjmgyDX79VtCfqvdzZnJI40gOYNtHVNfgnNo40yTJ6_Q9mIlcRuDQmGNKYtqiKzV4%3D&rank=1&testVersionOverride=Buttercup%2C44204.0.0%2C44203.0.0%2C43549.129874.3%2C43550.132977.0%2C31936.102311.0%2C33775.98848.1%2C38414.114301.0%2C39483.0.0%2C38427.115718.1%2C42444.0.0%2C42589.0.0%2C42876.124673.0%2C42973.0.0%2C42974.0.0%2C42975.0.0%2C42976.0.0%2C42802.125960.1%2C33739.99567.0%2C37898.109354.1%2C37930.0.0%2C37949.0.0%2C37354.113955.1%2C43435.128144.0%2C43153.132057.3&slots=&position=1&beaconIssued=&sort=RECOMMENDED&top_dp=169&top_cur=USD&userIntent=&selectedRoomType=58670&selectedRatePlan=140933,JW Marriott Quito,169,4.6,"Avenida Orellana 1172 Y Avenida Amazonas, Quito, Pichincha, 170150",More travel,quito,2
1,2022-10-31,hotel,https://www.expedia.com///Quito-Hotels-Sheraton-Quito-Hotel.h127181.Hotel-Information?chkin=2022-11-02&chkout=2022-11-03&x_pwa=1&rfrr=HSR&pwa_ts=1667276014711&referrerUrl=aHR0cHM6Ly93d3cuZXhwZWRpYS5jb20vSG90ZWwtU2VhcmNo&useRewards=true&rm1=a2&regionId=3623&destination=Quito%2C+Pichincha%2C+Ecuador&destType=MARKET&neighborhoodId=6112385&trackingData=AAAAAQAAAAEAAAAQNCdl-HNkrugmIwBxT8f3F9t6j9OFZktyDoFeQMLXVlTwkvnUx1bTSLFg2aYM4bqUAyojT5vZ4Ygj0Xu536fdx7_Q4EcWg5KwUR2ZqI_YVMPJGHj7-ToGzcPANEHUS01lKrXJXV2LfINOYqHixUdXdsAa7uTPen930H0KgDxVl70_40-_lGWvLHeJRC_9qgR7spq2sHxa-1xyIfydXNUJUvVVcoqvoxq9lvKEOqqt_yGS40nD0EQgSuNUMn13O1dXiDs7BNsZ4AK8IqDmFtqjLqntv-Gbto5tGaqIMkvV6_ZnUW_-ielb1zjiyZ9hK-hTcyn1Ld8Jr_NyUo-MR2XIqNHX3-MP_oVKMD4iTuCRW97vTXqjGfNxMDC6J4fuySC71vm-nnyN9KYXAPXltkQRQcBZw2hQlY1Q8kKQsGTEJRmLS7sQT3fG4DdB71qew--Etwnpqj710kK9V5HgzZBUqQSDifHXpNUhrimUXvIqB3wbQu4na2uGdDvPuE5ZznR_FZbO92syFVPIuHF646GpedTUmbLpzirtxrIGsf7vQGcg8VNofA9CJ6F6HV7otXdjbbk4nAqnFwKaIg9J_VD222FTIFj2BBrIP8-tZMtexxeW1QPQsKCe2j5Bh2d61mBJWR6Kf3vC-TJsuxUigFfnO7mnFJ-z_Dv_TFBE5DePL65EAReUDY_HJOKiz3ONzMc9LZuuSkd5tYrP8hL_X33dttj1aH5TnUcUkrjA_gto_A2c1YnbXQHfBgPvzw7Gql8KEv5Np4NiSxJeMb3DJnB0XApvrPhgbKp91uGJv1X0PvhaiKLLnfDM1dq1be5n9Gl1wDA1SVqqRlVCaXyNGMWHLmD_T3QBZAzXcGQ_HLzO4BWkh8bgW4BM3Mv45LyoHBRVyYsN6kz_lSrk3zwwgFolEYAhZDFdHcEwLLQUQE4eVyFJ-wib3I9tJrbI85XVCbCRAvVWHmJn2HdXhPS0ZRhW73phdh6j1eqrUFcX_PKI_rTahCthgXq7ncnlLCmpcFaRT9tSwb_F58cdfv6MUXAj4d0Dq8ZxDlY6is_sZ0lLKI4af5F8mEGAuIor91frElSF8Q7FQ7f9JnhOmFLMRv1hmwWeSDpiK1V9bQhHemSMJXOUK2F4C2uhI-gv2HWczk3agcaGg_EDWZZfewUl52rFNukqGzOV33NEL8yTfALJTlJ_rBYX1Skqj9SqnDnm-4Ikz7zvpmGZDQf1Lwskjwh4viWDVNweHmtus1lcLTjyodU2vpWS5Cyeqf059RA9fVDnLFlVRHo0WGT9ht_fXJLgMulCieg2KOWf27hlrGMLl6Idsw2LbMIoAKRgQkxaM-H_LrrOVn4fdfuvhS4ENbWLpJYvyQDufslPSdZi1vrMWJh-jp9974ZGG0b2bWxtaBqwIvFclw-zHLvXhp3dqW4ze-VAmFmTyKzsTXTVkW7R2F1UYQkiX-LRfKuLjNAhXXAS2pK8H939y1snb_N4b2X8j4j3pSAmNPwPiY9JlRj7Jd-UI7x7ef8oRHZBqAJy3DY8dfa1qEr8kWn7vMjFVDONEqrWOAUggbblkGlIBR1D7EgAHWVaVTYQq49IK49W8mdGpW-RdVwwVa_PcG21GVmUCH2ihPMq_LPKdTCzIPPxcHOg8rQeWNG4XA-V2HL5VUMcr8LNrZXkPrh91Z82O447KHbHW4ObaKxk0cgk44xmZ8ddhsv6zd-W3xpCSvDT-005v6F5gmr0OGhqIS3XpTdsw-4Gr75LrBnvwselW7BBEFrXvS9nemx4XZkIev5bBQGnqu2DcAGSGFo-bGZ7uuU1_0fVBUibtgJeFfZF-E-dTcFGNdacHTIIJ884m4T2YZNjdoGHfrb2Vz_GumVuWq7pCnZrNCv4DjYFYInbKDjRnjMa2SFCtYq-pPbFm1IyKpfZVW4dOM7dlK7GinM14wUqkSCYahwLJw27PhzOFdF4fdtU1YvNJ5AJxGU_8jc-pzwGKKdJYw9623kOF3_2U2wiR8qy2wJr2Uy4FoaVmQwFzJY6AZwTGFG3AJrMeia19qY4bq38Ksna-X87ZkHUSvV4crEt40u321WVi41ECyLd9MMNDU9nnpkt_9KAkuCTW6lu67wai0GNri3kLOGABuiqCB6QON3w6Uiij4yrOdUHppdhFFekI522lqtcd8kVl8pdjhKFYAzZAOl4ExSjw9e4K1lpYuc1sqUCWqq8-dknoMSCDI0rXt-l1u7YNOvEESUU0j3z33E859LvivlD281o7JxiNDUhvaoe4b_VfGZbOwufXpHTmVT9vt9_HFzhjrpVznysnd_BgJ_RyRPV-nr8DPD93yGC9HS7O9ZxhiR9nz7XF0dH98JBiI5Bw-KKWlejpcqi6SoNHcv07lN386vF8LfP5O5Sh3aM2J7LVRW3gHY%3D&rank=2&testVersionOverride=Buttercup%2C44204.0.0%2C44203.0.0%2C43549.129874.3%2C43550.132977.0%2C31936.102311.0%2C33775.98848.1%2C38414.114301.0%2C39483.0.0%2C38427.115718.1%2C42444.0.0%2C42589.0.0%2C42876.124673.0%2C42973.0.0%2C42974.0.0%2C42975.0.0%2C42976.0.0%2C42802.125960.1%2C33739.99567.0%2C37898.109354.1%2C37930.0.0%2C37949.0.0%2C37354.113955.1%2C43435.128144.0%2C43153.132057.3&slots=&position=2&beaconIssued=&sort=RECOMMENDED&top_dp=159&top_cur=USD&userIntent=&selectedRoomType=212704844&selectedRatePlan=238093058,Sheraton Quito Hotel,159,4.5,"Av. Naciones Unidas, and Av. Republica de El Salvador, Quito, Pichincha",More travel,quito,2
2,2022-10-31,hotel,https://www.expedia.com///Quito-Hotels-Casa-Gangotena.h6793417.Hotel-Information?chkin=2022-11-02&chkout=2022-11-03&x_pwa=1&rfrr=HSR&pwa_ts=1667276014714&referrerUrl=aHR0cHM6Ly93d3cuZXhwZWRpYS5jb20vSG90ZWwtU2VhcmNo&useRewards=true&rm1=a2&regionId=3623&destination=Quito%2C+Pichincha%2C+Ecuador&destType=MARKET&neighborhoodId=553248635976396551&trackingData=AAAAAQAAAAEAAAAQl5t1kB-wPPZnFdlyvyQvwi-PuVo3qjgNMVDNJHocrmM9zOQOawTGpF-0wtj7-RtnWeRkZ3Oi1eloLxA1QB3qApaDQt8Ojpxr3uZVs6AnFve03XZ_O6SyxSlEqCPEzK05ZcCdRFE5MdJ1bodEi9-zQFlyWcl6jGY1ysVigXBH898PyHcGt-9wMtBQewM3dqJRViMDWSYqwp63r_f9vTnaKugG5bPxgAeJz5qF_O0PeXCLcsCojAfGM-bsa5ZFYzTjXC-VhYJnqeUGQsPlvjz2GLg9V_GfFYxM_Kc6lo4smCGzpDYWhPvm7HOegtO3GYnu2hIamgHCfvjzwscKMhECD9onIRURArRw-L09J4Omow5qHpsx4oaLWmGQ8AfUa01rj_PxWqmiVrSDUrBE_GnTy0VEJZuxwLjiU4Nc_Z9EaigkQAwm2mUJ0gp2it0tPJEWer1vBNCaRtTycWD2herzOTuoZRQdfzQFP50_JYd2k9tA073mEn3yNwCBufTudGqwCqpwg6JAznDVJj74nie2l6ZQRw1aXqVS42liFbtbO94tyCnKeJFlB94gZFGHtcOxuM3e-NU2MagdY-RwU1t5Gcb-9KEl5906fUQ09Ri-u3kEouOtX2rtHhmpE6FCaRLKDUll-gI4R6rBjTIkQpy0paDqeVQDP0CsWX1jAqb7cbficyMrmIGnRviV0H2hlho9JCOFNXbX1XvIRtbnAreR6NS5Y3mO-nt-WsKGxTZCHxJhoy1evs-5Ow1tBp2BpF9qwP4oUD3nGEsnRE5G3GSG70ZFV28HA-pnEHG6LTEKIy2OP4dQt3ZFQ9HS9m64m4pWla6fXEXvcZMARXNGTcUcbMFcISEvuH7RMswhvC3aKwDVSVpdKeT9G5jVrQ5R0gVnc5-fkg280xpCmKKvKchXhGFZbNo96dsX7yz76zDLcHZqfAeSo5Br7VcilYJdPJ0dS2SRIqWL-htY08jXf5egsZwQqUHPCdaQ1_1laCfNv3liuVOULrRRXlyRzpmbtxqZRX5KxZuswnDck9tKjWRnc8rWGybNyIUoDofG0jbM7t6aeitPC_6yeAeHIUjU0CK28A8LVQ8RydQLVtar9M073qjXWyaO1Op47uOtFUX8n5Z8DrTTxTn3j7kdifs1L_RI8O6Yagcnc0SFM942gia6MEMhtu867U2aZccFNjXFD53ybFYe282_Wdt7kGzx6hXMExuezrQTHYH5oZz-Ll3jWAuGTRkfswsdi4fcGyvzz1BDgRFtMtKxs4kAzapkUl19IJbJJFvdx6NNkCktoTs5yDPTelqMCulj8GaPqtARxUhMKjWp6LaPb6eu2ZyOF_tHfnQkW42-y3L6Oa8oCynHjG33-Q7vDJXpAq8zImy7B4fbUVOPfdkPhElLhLakRjkqhKFrmObac7iEeydo-gjbvwBkS0L8F7KzMdlzGZ3zFz32dkTGW6mYFFkKIPD4tO8ABS9lB5Vvc_wY8qsHuCIVMic-JPbsANlWaZv9rjB_2N__pUz3LX9OpOt2vh0b50No4dsUBydsprYdHYV-0LvbpNiz8iBKTWDQOoA2UFvkm2xSN_gDi_Y9hWOfxfFK0ei2Avz-jjrx-cac6KFG7DZ3ld3ALV6D3ae7NH88DmUa7hvog1S5suUMkQXHJPDs9jKqNPwZ8p7wIV461F2q3HmJBESOu8r2azPp0lZUnzBTA41iGdYh6mkbRFXMVCz_4cTp36CarTgGgOtSu7iQkCZRVhExwU67JlQXOwe292eQDTyy5AGT4AM7JxpaS1bY0ybvH0ica0VfuyeYwZU-vlF2pjvLENETc6Q2JtIdz8LXVlHWjQNMOgNhzB3nJKmy0q-GVV3SHPhJh_Y2gb4I5dYZ9KlF9uo1_9TD-gkEIAeG3PWporPz_VuX4sWsje-0q1BQ2yVCeEw07v4CfYmro6QN-RYQDnXiDkoVYhv1wem9ajlRMg6YCfifw1CbxJfYkGdxHtZfhDyAkX9sEPViXb3EvPGTY9c6vUyKONSaq1Hw2ULBKo1jQFZLFmkI8_6_1QJ82EArxjOkEcOO2ECtNftd0FDRYxmsrfN-YNThrVbNgL0Mi2M-tw2hEIQbuLBh5Id6F-lCAr0LfFybEtarOwk9kDVEN9g_kJ6_hp6Y2LbuNdU808g7KlRqNsYJM1-qu2z9fC31L4amqBBUY8OgGMz5zAKDZ6XG9u0Cm11XMXhkwmJE1vP4wYeyL18yHZZEDFUzUmjfiQwPfPG_VWdrfl2YDalot-WtTlkYtzogx_HFOfjH6ginmhyB0z_SrFhtzpd8c-TnQVLd4Nrz7Vc6S4nADPHFA5AXYdrajS6_uXEO49cFV-K5-kyHSRuxs5epgk66uZEfFPmvlEI8m4V8ZYKfhvK383y85ebIb3CsnsymSUw%3D&rank=3&testVersionOverride=Buttercup%2C44204.0.0%2C44203.0.0%2C43549.129874.3%2C43550.132977.0%2C31936.102311.0%2C33775.98848.1%2C38414.114301.0%2C39483.0.0%2C38427.115718.1%2C42444.0.0%2C42589.0.0%2C42876.124673.0%2C42973.0.0%2C42974.0.0%2C42975.0.0%2C42976.0.0%2C42802.125960.1%2C33739.99567.0%2C37898.109354.1%2C37930.0.0%2C37949.0.0%2C37354.113955.1%2C43435.128144.0%2C43153.132057.3&slots=&position=3&beaconIssued=&sort=RECOMMENDED&top_dp=307&top_cur=USD&userIntent=&selectedRoomType=214202090&selectedRatePlan=248034740,Casa Gangotena,307,4.8,"Calle Bolívar OE 6-41 & Cuenca, Quito, Pichincha",More travel,quito,2
3,2022-10-31,hotel,https://www.expedia.com///Quito-Hotels-Hotel-Dann-Carlton-Quito.h470205.Hotel-Information?chkin=2022-11-02&chkout=2022-11-03&x_pwa=1&rfrr=HSR&pwa_ts=1667276014714&referrerUrl=aHR0cHM6Ly93d3cuZXhwZWRpYS5jb20vSG90ZWwtU2VhcmNo&useRewards=true&rm1=a2&regionId=3623&destination=Quito%2C+Pichincha%2C+Ecuador&destType=MARKET&neighborhoodId=6112385&sort=RECOMMENDED&top_dp=120&top_cur=USD&userIntent=&selectedRoomType=200088439&selectedRatePlan=200511072,Hotel Dann Carlton Quito,120,4.4,"Avenida República de El Salvador N34-377, Quito, Pichincha, 170135",More travel,quito,2
4,2022-10-31,hotel,https://www.expedia.com///Quito-Hotels-Le-Parc-Hotel.h1717284.Hotel-Information?chkin=2022-11-02&chkout=2022-11-03&x_pwa=1&rfrr=HSR&pwa_ts=1667276014716&referrerUrl=aHR0cHM6Ly93d3cuZXhwZWRpYS5jb20vSG90ZWwtU2VhcmNo&useRewards=true&rm1=a2&regionId=3623&destination=Quito%2C+Pichincha%2C+Ecuador&destType=MARKET&neighborhoodId=6112385&sort=RECOMMENDED&top_dp=99&top_cur=USD&userIntent=&selectedRoomType=200212475&selectedRatePlan=208488046,"Le Parc Hotel, Beyond Stars",99,4.6,"República de El Salvador, N34-349 e Irlanda, Quito, Quito",More travel,quito,2
5,2022-10-31,hotel,https://www.expedia.com///Quito-Hotels-Hotel-Reina-Isabel.h4289762.Hotel-Information?chkin=2022-11-02&chkout=2022-11-03&x_pwa=1&rfrr=HSR&pwa_ts=1667276014716&referrerUrl=aHR0cHM6Ly93d3cuZXhwZWRpYS5jb20vSG90ZWwtU2VhcmNo&useRewards=true&rm1=a2&regionId=3623&destination=Quito%2C+Pichincha%2C+Ecuador&destType=MARKET&neighborhoodId=6308927&sort=RECOMMENDED&top_dp=73&top_cur=USD&userIntent=&selectedRoomType=200216990&selectedRatePlan=201232630,Hotel Reina Isabel,73,4.4,"Av. Amazonas N23-44 y Veintimilla, Quito, Pichincha",More travel,quito,2
6,2022-10-31,hotel,https://www.expedia.com///Quito-Hotels-Hotel-Finlandia.h4253854.Hotel-Information?chkin=2022-11-02&chkout=2022-11-03&x_pwa=1&rfrr=HSR&pwa_ts=1667276014714&referrerUrl=aHR0cHM6Ly93d3cuZXhwZWRpYS5jb20vSG90ZWwtU2VhcmNo&useRewards=true&rm1=a2&regionId=3623&destination=Quito%2C+Pichincha%2C+Ecuador&destType=MARKET&neighborhoodId=6112385&sort=RECOMMENDED&top_dp=83&top_cur=USD&userIntent=&selectedRoomType=200236946&selectedRatePlan=201347587,Hotel Finlandia,83,4.4,"Finlandia 35-129 & Suecia St., Quito, Pichincha, 170515",More travel,quito,2
7,2022-10-31,hotel,https://www.expedia.com///Quito-Hotels-Wyndham-Garden-Quito.h564080.Hotel-Information?chkin=2022-11-02&chkout=2022-11-03&x_pwa=1&rfrr=HSR&pwa_ts=1667276014716&referrerUrl=aHR0cHM6Ly93d3cuZXhwZWRpYS5jb20vSG90ZWwtU2VhcmNo&useRewards=true&rm1=a2&regionId=3623&destination=Quito%2C+Pichincha%2C+Ecuador&destType=MARKET&neighborhoodId=6112385&sort=RECOMMENDED&top_dp=71&top_cur=USD&userIntent=&selectedRoomType=210302419&selectedRatePlan=222138501,Wyndham Garden Quito,71,4.5,"Alemania E5-103 y Republica Av, Quito, Pichincha, 17-21-409",More travel,quito,2
8,2022-10-31,hotel,https://www.expedia.com///Quito-Hotels-Old-Town-Quito-Suites.h21549097.Hotel-Information?chkin=2022-11-02&chkout=2022-11-03&x_pwa=1&rfrr=HSR&pwa_ts=1667276014718&referrerUrl=aHR0cHM6Ly93d3cuZXhwZWRpYS5jb20vSG90ZWwtU2VhcmNo&useRewards=true&rm1=a2&regionId=3623&destination=Quito%2C+Pichincha%2C+Ecuador&destType=MARKET&neighborhoodId=553248635976384700&trackingData=AAAAAQAAAAEAAAAQi0BMAXL5KkRhSg5-M4yqIZNA9SXH-WhMnuI5xrzzHBO9wPvSzx-LUDZSf-MyCN_xyOII92L4LUt5F9jcu7ilfrkAh44WrUC0GU5f_o-1BtIkMky_c5Z0FlemtNXMYXnZOSv30WiNXYiCPs-vjBU2YNqqoq3dLRzUd2oyDDC6uASpPqYwLeV_lC-ehV30PHXBlDrl6mEE_Y3K7YTiPw5lKQKuo7tAxLXNMuKNLZphC_yndjuukaF4lpDj9yAAXf5LHOQZMWhqjHkPe1teTupMddTNNIwxygYcCd6BTvh-A9Y3MJ1FSBi3eAaerGSICFLPxadY0A2siIvO-nVwWe9JXUKXS5JJBIT06F5Kqvz1jjXjmpQr-ws5RMPpvyhtzHKLpsoeUt0_L6CYxkbJH7XIwtt3oeVLGuw2p8BGhavDRJnBsstLQm98CF5Zji5g3U_v7R-vJ6-7fmPY4NuR7SiDBZrznufYedZhz5a6CEAz39MVklcAt3sw1lkBGOY9mdPT_Jm4QH9lINEMoPm2yFndJ4AcaI8GzEJN7ds3O6tda_yIUYkWwoZNaAefx6rRIkNfcSf75ozUf-3PHKuRuBEc6LjDyQDVHVnLFDldkoMYAAz0tETIhHWsZtn-Pco2oO8-ma8LT6DSH2LmCNZsFl7oagoyyYvsJmf1WhuNCbxNaGK62V6P75cfWwZm-POqMUsYD4g6WMVQYH5a3kyRneXuOIKMC2D0FpK65zpJ8JoFqVowqwDxNwD6aw26aq_CvuyB5Z-_aX6JT66r2HJFz_1emzifUc25XOhzdniUpedahdveC-mtuWXTWZgOhEBcmkw35prcQlY4G57Mjnh52KFv8MQP1dCEsNhNB8DlgX0aqMss8rGqEOEtMidUe_141K_MaKpJxfQMNIiqU5cyJWwNx9mtI6W066Siy1-YLLl_XCSEoVPpNMzi-FTvcNnOklJyP9kVmpvlvRd_anF6OSzrV6cEakGilQURITym3p7i2cNSJSG6FuRsJX-V7ym7nnUmmJP2RF0mb6dML0BbPFVCLod6fLtBoljdtXyBGmQkR97RrY7niB-5Z_yuT5xN_z6tTcy4iqsgf7cw9Npidcg3e6T3xhiabn9iVezvt4DCQrxAovKjmKW2Um7KPadL76L4JhuksoishLP9C7Lm-JNt6xXIlNNcY73zUTF2SNLc5jENroEwEIveJCmtVAYOJ4euQfl8ncASlsEurWJMuXD0yHRxpYzZdxR2VWivvk4tM4LB0OVLlky-_Fd2lRpXdhU4AVLaDM4UGr6zpbytA4TMFew89mrW7t-ra4fD56w5dzNiQ2xFC6PMnRvsvXyqYlCVmd1ze97yvVegFWpyvZ5b-WfJyxRGJgay9UTxoH4QLglujK3Q90C_upNXM-jGjk3O_vaUnsuoMB7GPSccWsymnJ5JuJrwylvzzcrKz2-pbgplhv6_fTdvidR5jpTDlS2uJPjnJ2Do41Yr2dWIyYNwyFXai1bVzD6pKcqUvmE22VSluz1U3XDPYROo6NKPmDbh-2KgpragUsAQIHuC58fBQcx_zu1eO97O-VdRtlNgdtXBaqqntF5Kryw7Obcp1zLHvwafsiZR360dmfMocZ0QUmw-t3xZ5Hb43ed3NpHxpXun6Mb4Nq0UISw2Kd78thFrbqaR4WXRBrnhcTxXIJjA3q8OPs8qbKFRcad1PMdgNnnJjUpdOde5efEAgS1ZbK_ECxtsdYRtuk1eEdablYWygRU5u94QGkuKWDpj_z9WadP2qP0IgWF9T46C8OE1PJw-F-9Ds0DqzIv35HtcHA4IlfS6Y73aY7abPhn8UdK52UguXjYiQq8o7aVw_M2MZVvmL8SZG0Xo2SEzheHjLxNQzfVFLSBaUu0SrUyJD5X4rAma9U4FpmPSLGvcznSkb1kuwPWjMPLk-Kq2aqyedK-c8iK6-Q2eFkkQgGX9h09Zh0cevZxeKt92AdKF3hftRdvPouQEDLXWR1cjSYMazavsj4W3_it0L2bznTUDGb3uY6Epljhd1zO97rsKCJMKt7cYwM7cfnHvZZUy13M8ZApl54O4C5Ym7PIIdb8KYdXX-5ZFz3l0b6HBzHx75AHBLscS0qFXs-byzTuXr-P01nAIazHczcRWqiADK32qkXkPXZhLqPUG1e0oEo1BZeV6tzz2rAComppf9lVKdYXrEtarD_UPwyXA-UtpXDjLmgNIwE7L7PNgd1yPkJQAFfkyKfsUAjQhTZ3PHQ3wwOMObVgQNKoTs1ah7c3GeluZVGiKzwSTnV-NaA2rMvM2On8RjtptICJYUrVnAp7rAjEzZyOIAMALG98vZV3Ei1rrfZhf10LqdTNRbq6ja57MqoZAJ9T4aWLKmZrlDwsP2N0elIMfB5Cs_Rj4O3DObZ-DUJdhuJA%3D&rank=4&testVersionOverride=Buttercup%2C44204.0.0%2C44203.0.0%2C43549.129874.3%2C43550.132977.0%2C31936.102311.0%2C33775.98848.1%2C38414.114301.0%2C39483.0.0%2C38427.115718.1%2C42444.0.0%2C42589.0.0%2C42876.124673.0%2C42973.0.0%2C42974.0.0%2C42975.0.0%2C42976.0.0%2C42802.125960.1%2C33739.99567.0%2C37898.109354.1%2C37930.0.0%2C37949.0.0%2C37354.113955.1%2C43435.128144.0%2C43153.132057.3&slots=&position=9&beaconIssued=&sort=RECOMMENDED&top_dp=158&top_cur=USD&userIntent=&selectedRoomType=221410309&selectedRatePlan=296035353,"Old Town Quito Suites, Apartments & Boutique hotel",158,5.0,"José de Antepara E3-61 y Vicente Léon, San Blas, Quito, Pichincha, 170136",More travel,quito,2
9,2022-10-31,hotel,https://www.expedia.com///Quito-Hotels-Hotel-Stubel-Suites-And-Cafe.h2256234.Hotel-Information?chkin=2022-11-02&chkout=2022-11-03&x_pwa=1&rfrr=HSR&pwa_ts=1667276014718&referrerUrl=aHR0cHM6Ly93d3cuZXhwZWRpYS5jb20vSG90ZWwtU2VhcmNo&useRewards=true&rm1=a2&regionId=3623&destination=Quito%2C+Pichincha%2C+Ecuador&destType=MARKET&neighborhoodId=6326016&sort=RECOMMENDED&top_dp=67&top_cur=USD&userIntent=&selectedRoomType=200452063&selectedRatePlan=210484246,Hotel Stubel Suites and Cafe,67,4.2,"Pasaje Stubel Nro. 1 y León Larrea, Quito, Pichincha, 2460",More travel,quito,2
10,2022-10-31,hotel,https://www.expedia.com///Quito-Hotels-Hotel-San-Francisco-De-Quito.h4460935.Hotel-Information?chkin=2022-11-02&chkout=2022-11-03&x_pwa=1&rfrr=HSR&pwa_ts=1667276014718&referrerUrl=aHR0cHM6Ly93d3cuZXhwZWRpYS5jb20vSG90ZWwtU2VhcmNo&useRewards=true&rm1=a2&regionId=3623&destination=Quito%2C+Pichincha%2C+Ecuador&destType=MARKET&neighborhoodId=6326012&sort=RECOMMENDED&top_dp=68&top_cur=USD&userIntent=&selectedRoomType=215124835&selectedRatePlan=254127940,Hotel San Francisco de Quito,68,4.4,"Sucre Oe 3-17 y Guayaquil, Centro Histórico, Quito",More travel,quito,2
11,2022-10-31,hotel,https://www.expedia.com///Quito-Hotels-Swissotel-Quito.h525738.Hotel-Information?chkin=2022-11-02&chkout=2022-11-03&x_pwa=1&rfrr=HSR&pwa_ts=1667276014718&referrerUrl=aHR0cHM6Ly93d3cuZXhwZWRpYS5jb20vSG90ZWwtU2VhcmNo&useRewards=true&rm1=a2&regionId=3623&destination=Quito%2C+Pichincha%2C+Ecuador&destType=MARKET&neighborhoodId=6308927&sort=RECOMMENDED&top_dp=159&top_cur=USD&userIntent=&selectedRoomType=317045160&selectedRatePlan=386646604,Swissotel Quito,159,4.5,"Av 12 de Octubre y 1820 Luis Cordero, Quito, Pichincha, 1721565",More travel,quito,2
12,2022-10-31,hotel,https://www.expedia.com///Quito-Hotels-Casa-Gangotena.h6793417.Hotel-Information?chkin=2022-11-02&chkout=2022-11-03&x_pwa=1&rfrr=HSR&pwa_ts=1667276014720&referrerUrl=aHR0cHM6Ly93d3cuZXhwZWRpYS5jb20vSG90ZWwtU2VhcmNo&useRewards=true&rm1=a2&regionId=3623&destination=Quito%2C+Pichincha%2C+Ecuador&destType=MARKET&neighborhoodId=553248635976396551&sort=RECOMMENDED&top_dp=307&top_cur=USD&userIntent=&selectedRoomType=214202090&selectedRatePlan=248034740,Casa Gangotena,307,4.8,"Calle Bolívar OE 6-41 & Cuenca, Quito, Pichincha",More travel,quito,2
13,2022-10-31,hotel,https://www.expedia.com///Quito-Hotels-FENIX-HOTEL.h1277747.Hotel-Information?chkin=2022-11-02&chkout=2022-11-03&x_pwa=1&rfrr=HSR&pwa_ts=1667276014720&referrerUrl=aHR0cHM6Ly93d3cuZXhwZWRpYS5jb20vSG90ZWwtU2VhcmNo&useRewards=true&rm1=a2&regionId=3623&destination=Quito%2C+Pichincha%2C+Ecuador&destType=MARKET&sort=RECOMMENDED&top_dp=62&top_cur=USD&userIntent=&selectedRoomType=213014972&selectedRatePlan=385508494,Fenix Hotel,62,4.0,"Queseras del Medio E11-205, Frente al Hospital Militar, Quito, Pichincha, 170150",More travel,quito,2
14,2022-10-31,hotel,https://www.expedia.com///Quito-Hotels-NH-Collection-Quito-Royal.h199468.Hotel-Information?chkin=2022-11-02&chkout=2022-11-03&x_pwa=1&rfrr=HSR&pwa_ts=1667276014719&referrerUrl=aHR0cHM6Ly93d3cuZXhwZWRpYS5jb20vSG90ZWwtU2VhcmNo&useRewards=true&rm1=a2&regionId=3623&destination=Quito%2C+Pichincha%2C+Ecuador&destType=MARKET&neighborhoodId=6326015&sort=RECOMMENDED&top_dp=115&top_cur=USD&userIntent=&selectedRoomType=202021316&selectedRatePlan=210311289,NH Collection Quito Royal,115,4.4,"Cordero 444 y Av. 12 de Octubre, Quito, Pichincha",More travel,quito,2
15,2022-10-31,hotel,https://www.expedia.com///Quito-Hotels-Park-Inn-By-Radisson-Quito.h32787736.Hotel-Information?chkin=2022-11-02&chkout=2022-11-03&x_pwa=1&rfrr=HSR&pwa_ts=1667276014718&referrerUrl=aHR0cHM6Ly93d3cuZXhwZWRpYS5jb20vSG90ZWwtU2VhcmNo&useRewards=true&rm1=a2&regionId=3623&destination=Quito%2C+Pichincha%2C+Ecuador&destType=MARKET&neighborhoodId=6308927&sort=RECOMMENDED&top_dp=67&top_cur=USD&userIntent=&selectedRoomType=221135847&selectedRatePlan=294247884,Park Inn by Radisson Quito,67,4.3,"Avenida Reina Victoria y Calama Esquina, Quito, Pichincha",More travel,quito,2
16,2022-10-31,hotel,https://www.expedia.com///Quito-Hotels-CASA-Q.h13328853.Hotel-Information?chkin=2022-11-02&chkout=2022-11-03&x_pwa=1&rfrr=HSR&pwa_ts=1667276014720&referrerUrl=aHR0cHM6Ly93d3cuZXhwZWRpYS5jb20vSG90ZWwtU2VhcmNo&useRewards=true&rm1=a2&regionId=3623&destination=Quito%2C+Pichincha%2C+Ecuador&destType=MARKET&neighborhoodId=6112385&sort=RECOMMENDED&top_dp=51&top_cur=USD&userIntent=&selectedRoomType=201404546&selectedRatePlan=211801689,Casa Q,51,4.5,"Mariana de Jesús E7-74 y La Pradera, (atrás de edificio telefónica), Quito",More travel,quito,2
0,2022-11-03,hotel,https://www.expedia.com///Ibarra-Hotels-Hacienda-Chorlavi.h4551527.Hotel-Information?chkin=2022-11-10&chkout=2022-11-11&x_pwa=1&rfrr=HSR&pwa_ts=1667499027938&referrerUrl=aHR0cHM6Ly93d3cuZXhwZWRpYS5jb20vSG90ZWwtU2VhcmNo&useRewards=true&rm1=a2&regionId=180439&destination=Ibarra%2C+Ibarra%2C+Imbabura%2C+Ecuador&destType=MARKET&sort=RECOMMENDED&top_dp=107&top_cur=USD&userIntent=&selectedRoomType=200569072&selectedRatePlan=202891608,Hacienda Chorlavi,86,4.4,"Panamericana Norte 4-5, Ibarra, Imbabura, I0103C",More travel,ibarra,2
1,2022-11-03,hotel,https://www.expedia.com///Ibarra-Hotels-Hosteria-Cabanas-Del-Lago.h8410025.Hotel-Information?chkin=2022-11-10&chkout=2022-11-11&x_pwa=1&rfrr=HSR&pwa_ts=1667499027938&referrerUrl=aHR0cHM6Ly93d3cuZXhwZWRpYS5jb20vSG90ZWwtU2VhcmNo&useRewards=true&rm1=a2&regionId=180439&destination=Ibarra%2C+Ibarra%2C+Imbabura%2C+Ecuador&destType=MARKET&sort=RECOMMENDED&top_dp=94&top_cur=USD&userIntent=&selectedRoomType=230463873&selectedRatePlan=276393867,Hostería Cabañas del Lago,94,4.6,"Orillas del Lago San Pablo, Sector Araque, San Pablo del Lago, Imbabura, EC100457",More travel,ibarra,2
2,2022-11-03,hotel,https://www.expedia.com///Ibarra-Hotels-Hotel-La-Giralda.h12381033.Hotel-Information?chkin=2022-11-10&chkout=2022-11-11&x_pwa=1&rfrr=HSR&pwa_ts=1667499027937&referrerUrl=aHR0cHM6Ly93d3cuZXhwZWRpYS5jb20vSG90ZWwtU2VhcmNo&useRewards=true&rm1=a2&regionId=180439&destination=Ibarra%2C+Ibarra%2C+Imbabura%2C+Ecuador&destType=MARKET&sort=RECOMMENDED&top_dp=70&top_cur=USD&userIntent=&selectedRoomType=317757111&selectedRatePlan=386757889,Hotel La Giralda,70,3.6,"Av atahualpa 15-142, y Juan Francisco Bonilla, Ibarra, 100150",More travel,ibarra,2
3,2022-11-03,hotel,https://www.expedia.com///Ibarra-Hotels-Hacienda-Cusin.h30363415.Hotel-Information?chkin=2022-11-10&chkout=2022-11-11&x_pwa=1&rfrr=HSR&pwa_ts=1667499027935&referrerUrl=aHR0cHM6Ly93d3cuZXhwZWRpYS5jb20vSG90ZWwtU2VhcmNo&useRewards=true&rm1=a2&regionId=180439&destination=Ibarra%2C+Ibarra%2C+Imbabura%2C+Ecuador&destType=MARKET&sort=RECOMMENDED&top_dp=130&top_cur=USD&userIntent=&selectedRoomType=216021112&selectedRatePlan=260083487,Hacienda Cusin,130,4.6,"Calle Chiriboga, San Pablo del Lago, Imbabura, 100547",More travel,ibarra,2
4,2022-11-03,hotel,https://www.expedia.com///Ibarra-Hotels-Hosteria-Cananvalle.h4936788.Hotel-Information?chkin=2022-11-10&chkout=2022-11-11&x_pwa=1&rfrr=HSR&pwa_ts=1667499027938&referrerUrl=aHR0cHM6Ly93d3cuZXhwZWRpYS5jb20vSG90ZWwtU2VhcmNo&useRewards=true&rm1=a2&regionId=180439&destination=Ibarra%2C+Ibarra%2C+Imbabura%2C+Ecuador&destType=MARKET&sort=RECOMMENDED&top_dp=71&top_cur=USD&userIntent=&selectedRoomType=200587895&selectedRatePlan=202928806,Hosteria Cananvalle,71,4.8,"1 km from the Pensionado Atahualpa High, Ibarra, Imbabura",More travel,ibarra,2
5,2022-11-03,hotel,https://www.expedia.com///Ibarra-Hotels-Hostal-Casa-Aida.h48746206.Hotel-Information?chkin=2022-11-10&chkout=2022-11-11&x_pwa=1&rfrr=HSR&pwa_ts=1667499027939&referrerUrl=aHR0cHM6Ly93d3cuZXhwZWRpYS5jb20vSG90ZWwtU2VhcmNo&useRewards=true&rm1=a2&regionId=180439&destination=Ibarra%2C+Ibarra%2C+Imbabura%2C+Ecuador&destType=MARKET&sort=RECOMMENDED&top_dp=24&top_cur=USD&userIntent=&selectedRoomType=228015941&selectedRatePlan=260300719,Hostal Casa Aida,24,3.5,"Galo Plaza Lasso 19-291, Entrada al Cuartel Yaguachi, Ibarra, Imbabura, 100150",More travel,ibarra,2
6,2022-11-03,hotel,https://www.expedia.com///Ibarra-Hotels-Hotel-Montecarlo.h37591000.Hotel-Information?chkin=2022-11-10&chkout=2022-11-11&x_pwa=1&rfrr=HSR&pwa_ts=1667499027939&referrerUrl=aHR0cHM6Ly93d3cuZXhwZWRpYS5jb20vSG90ZWwtU2VhcmNo&useRewards=true&rm1=a2&regionId=180439&destination=Ibarra%2C+Ibarra%2C+Imbabura%2C+Ecuador&destType=MARKET&sort=RECOMMENDED&top_dp=62&top_cur=USD&userIntent=&selectedRoomType=314084254&selectedRatePlan=382270614,Hotel Montecarlo,62,4.3,"AVENIDA JAIME RIVADENEIRA 5-55 Y OVIEDO, Ibarra, Provincia de Imbabura",More travel,ibarra,2
7,2022-11-03,hotel,https://www.expedia.com///Ibarra-Hotels-Hostal-Riviera-Sucre.h39665176.Hotel-Information?chkin=2022-11-10&chkout=2022-11-11&x_pwa=1&rfrr=HSR&pwa_ts=1667499027939&referrerUrl=aHR0cHM6Ly93d3cuZXhwZWRpYS5jb20vSG90ZWwtU2VhcmNo&useRewards=true&rm1=a2&regionId=180439&destination=Ibarra%2C+Ibarra%2C+Imbabura%2C+Ecuador&destType=MARKET&sort=RECOMMENDED&top_dp=39&top_cur=USD&userIntent=&selectedRoomType=213924649&selectedRatePlan=246161381,Hostal Riviera Sucre,39,4.5,"Calle Garcia Moreno 380 y Roca, Otavalo, 100450",More travel,ibarra,2
8,2022-11-03,hotel,https://www.expedia.com///Ibarra-Hotels-Hotel-Dona-Esther.h27064128.Hotel-Information?chkin=2022-11-10&chkout=2022-11-11&x_pwa=1&rfrr=HSR&pwa_ts=1667499027940&referrerUrl=aHR0cHM6Ly93d3cuZXhwZWRpYS5jb20vSG90ZWwtU2VhcmNo&useRewards=true&rm1=a2&regionId=180439&destination=Ibarra%2C+Ibarra%2C+Imbabura%2C+Ecuador&destType=MARKET&sort=RECOMMENDED&top_dp=60&top_cur=USD&userIntent=&selectedRoomType=221119650&selectedRatePlan=294066025,Hotel Doña Esther,68,4.6,"Juan Montalvo 4-44, Simon Bolivar, Otavalo, Imbabura, 100201",More travel,ibarra,2
9,2022-11-03,hotel,https://www.expedia.com///Ibarra-Hotels-Loma-Wasi-Village.h9790279.Hotel-Information?chkin=2022-11-10&chkout=2022-11-11&x_pwa=1&rfrr=HSR&pwa_ts=1667499027940&referrerUrl=aHR0cHM6Ly93d3cuZXhwZWRpYS5jb20vSG90ZWwtU2VhcmNo&useRewards=true&rm1=a2&regionId=180439&destination=Ibarra%2C+Ibarra%2C+Imbabura%2C+Ecuador&destType=MARKET&sort=RECOMMENDED&top_dp=30&top_cur=USD&userIntent=&selectedRoomType=201316570&selectedRatePlan=206387250,Loma Wasi Village,30,4.3,"Tunibamba, Cotacachi, Imbabura, 100302",More travel,ibarra,2
10,2022-11-03,hotel,https://www.expedia.com///Ibarra-Hotels-Hotel-Indio-Inn.h34966974.Hotel-Information?chkin=2022-11-10&chkout=2022-11-11&x_pwa=1&rfrr=HSR&pwa_ts=1667499027938&referrerUrl=aHR0cHM6Ly93d3cuZXhwZWRpYS5jb20vSG90ZWwtU2VhcmNo&useRewards=true&rm1=a2&regionId=180439&destination=Ibarra%2C+Ibarra%2C+Imbabura%2C+Ecuador&destType=MARKET&sort=RECOMMENDED&top_dp=66&top_cur=USD&userIntent=&selectedRoomType=220842255&selectedRatePlan=292174386,Hotel Indio Inn,66,4.2,"BOLIVAR, ABDON CALDERON, Otavalo, Imbabura Province, 100201",More travel,ibarra,2
0,2022-10-31,hotel,https://www.expedia.com///Manta-Hotels-Wyndham-Manta-Sail-Plaza-Hotel-Convention-Center.h17793054.Hotel-Information?chkin=2022-11-02&chkout=2022-11-03&x_pwa=1&rfrr=HSR&pwa_ts=1667277360908&referrerUrl=aHR0cHM6Ly93d3cuZXhwZWRpYS5jb20vSG90ZWwtU2VhcmNo&useRewards=true&rm1=a2&regionId=6053676&destination=Manta%2C+Manta%2C+Manabi%2C+Ecuador&destType=MARKET&sort=RECOMMENDED&top_dp=139&top_cur=USD&userIntent=&selectedRoomType=220836096&selectedRatePlan=292206906,Wyndham Manta Sail Plaza Hotel & Convention Center,139,3.8,"Via Barbasquillo junto a Mykonos, Manta, Manabi, 130802",More travel,manta,2
1,2022-10-31,hotel,https://www.expedia.com///Manta-Hotels-Mantahost-Hotel.h15904308.Hotel-Information?chkin=2022-11-02&chkout=2022-11-03&x_pwa=1&rfrr=HSR&pwa_ts=1667277360906&referrerUrl=aHR0cHM6Ly93d3cuZXhwZWRpYS5jb20vSG90ZWwtU2VhcmNo&useRewards=true&rm1=a2&regionId=6053676&destination=Manta%2C+Manta%2C+Manabi%2C+Ecuador&destType=MARKET&sort=RECOMMENDED&top_dp=109&top_cur=USD&userIntent=&selectedRoomType=201656665&selectedRatePlan=383079902,Mantahost Hotel,121,4.3,"Km. 1.5 vía Barbasquillo, Manta, Manabí, 130212",More travel,manta,2
2,2022-10-31,hotel,https://www.expedia.com///Manta-Hotels-Balandra-Hotel.h11881166.Hotel-Information?chkin=2022-11-02&chkout=2022-11-03&x_pwa=1&rfrr=HSR&pwa_ts=1667277360908&referrerUrl=aHR0cHM6Ly93d3cuZXhwZWRpYS5jb20vSG90ZWwtU2VhcmNo&useRewards=true&rm1=a2&regionId=6053676&destination=Manta%2C+Manta%2C+Manabi%2C+Ecuador&destType=MARKET&sort=RECOMMENDED&top_dp=124&top_cur=USD&userIntent=&selectedRoomType=201213247&selectedRatePlan=205742098,Balandra Hotel,154,4.5,"Avenida 7 Calle 20, Manta",More travel,manta,2
3,2022-10-31,hotel,https://www.expedia.com///Manta-Hotels-Hotel-Perla-Spondylus.h9697539.Hotel-Information?chkin=2022-11-02&chkout=2022-11-03&x_pwa=1&rfrr=HSR&pwa_ts=1667277360908&referrerUrl=aHR0cHM6Ly93d3cuZXhwZWRpYS5jb20vSG90ZWwtU2VhcmNo&useRewards=true&rm1=a2&regionId=6053676&destination=Manta%2C+Manta%2C+Manabi%2C+Ecuador&destType=MARKET&sort=RECOMMENDED&top_dp=193&top_cur=USD&userIntent=&selectedRoomType=320061321&selectedRatePlan=387409204,Hotel Perla Spondylus,193,4.7,"Avenida 3 y Calle 15, Manta, Manabi, 130802",More travel,manta,2
4,2022-10-31,hotel,https://www.expedia.com///Manta-Hotels-Golden-Mar-Hostal.h38219030.Hotel-Information?chkin=2022-11-02&chkout=2022-11-03&x_pwa=1&rfrr=HSR&pwa_ts=1667277360908&referrerUrl=aHR0cHM6Ly93d3cuZXhwZWRpYS5jb20vSG90ZWwtU2VhcmNo&useRewards=true&rm1=a2&regionId=6053676&destination=Manta%2C+Manta%2C+Manabi%2C+Ecuador&destType=MARKET&sort=RECOMMENDED&top_dp=75&top_cur=USD&userIntent=&selectedRoomType=218761093&selectedRatePlan=278227484,Golden Mar Hostal,75,4.3,"Av. M1 y Calle 24 frente a Ed. Santorini, Manta, EC130802",More travel,manta,2
5,2022-10-31,hotel,https://www.expedia.com///Manta-Hotels-Hostal-Venecia-Tu-Casa-En-Manta.h62977013.Hotel-Information?chkin=2022-11-02&chkout=2022-11-03&x_pwa=1&rfrr=HSR&pwa_ts=1667277360909&referrerUrl=aHR0cHM6Ly93d3cuZXhwZWRpYS5jb20vSG90ZWwtU2VhcmNo&useRewards=true&rm1=a2&regionId=6053676&destination=Manta%2C+Manta%2C+Manabi%2C+Ecuador&destType=MARKET&sort=RECOMMENDED&top_dp=28&top_cur=USD&userIntent=&selectedRoomType=226557553&selectedRatePlan=250440415,Hostal Venecia- Tu Casa en Manta,28,5.0,"Av. 114 calle J-6, Al lado de La casa del Radiador, Manta, Manabí, 130804",More travel,manta,2
6,2022-10-31,hotel,https://www.expedia.com///Manta-Hotels-Villa-Kite.h12858354.Hotel-Information?chkin=2022-11-02&chkout=2022-11-03&x_pwa=1&rfrr=HSR&pwa_ts=1667277360908&referrerUrl=aHR0cHM6Ly93d3cuZXhwZWRpYS5jb20vSG90ZWwtU2VhcmNo&useRewards=true&rm1=a2&regionId=6053676&destination=Manta%2C+Manta%2C+Manabi%2C+Ecuador&destType=MARKET&sort=RECOMMENDED&top_dp=85&top_cur=USD&userIntent=&selectedRoomType=201345155&selectedRatePlan=206543673,Villa Kite,85,3.8,"Malecón Santa Marianita, Santa Marianita, Manabi",More travel,manta,2
7,2022-10-31,hotel,https://www.expedia.com///Manta-Hotels-Soga-Hostal.h36788952.Hotel-Information?chkin=2022-11-02&chkout=2022-11-03&x_pwa=1&rfrr=HSR&pwa_ts=1667277360909&referrerUrl=aHR0cHM6Ly93d3cuZXhwZWRpYS5jb20vSG90ZWwtU2VhcmNo&useRewards=true&rm1=a2&regionId=6053676&destination=Manta%2C+Manta%2C+Manabi%2C+Ecuador&destType=MARKET&sort=RECOMMENDED&top_dp=39&top_cur=USD&userIntent=&selectedRoomType=219953733&selectedRatePlan=286222347,Soga Hostal,39,4.9,"Santa Marianita, Santa Marianita, Manabi",More travel,manta,2
8,2022-10-31,hotel,https://www.expedia.com///Manta-Hotels-The-Cottages-By-The-Sea.h17863788.Hotel-Information?chkin=2022-11-02&chkout=2022-11-03&x_pwa=1&rfrr=HSR&pwa_ts=1667277360909&referrerUrl=aHR0cHM6Ly93d3cuZXhwZWRpYS5jb20vSG90ZWwtU2VhcmNo&useRewards=true&rm1=a2&regionId=6053676&destination=Manta%2C+Manta%2C+Manabi%2C+Ecuador&destType=MARKET&sort=RECOMMENDED&top_dp=119&top_cur=USD&userIntent=&selectedRoomType=202053056&selectedRatePlan=210701794,The Cottages by the sea,119,4.8,"Avenida Quito Norte, Oceanfront, San Alejo, Charapoto, Manabi, 100001",More travel,manta,2
0,2022-11-03,hotel,https://www.expedia.com///Guayaquil-Hotels-Holiday-Inn-Guayaquil-Airport.h5959068.Hotel-Information?chkin=2022-11-10&chkout=2022-11-11&x_pwa=1&rfrr=HSR&pwa_ts=1667499853155&referrerUrl=aHR0cHM6Ly93d3cuZXhwZWRpYS5jb20vSG90ZWwtU2VhcmNo&useRewards=true&rm1=a2&regionId=6337570&destination=Guayaquil%2C+Guayaquil%2C+Guayas%2C+Ecuador&destType=MARKET&trackingData=AAAAAQAAAAEAAAAQz_qB6bkixXX2TqjHaHBo3AwLmDf4wnYijtwyKht9tqMWDjs_Uhe2CoOgrtsAeXZpmfLm5Ibh5FUgVpGRTcmCsZeYx4gYRvi5dsWelgx_xFYCDqe2p2S9Ie4D9xk-9VicNXLjjM7TY1447Eg6JWzNVzkS_AttkYAFj7qN8jmAE-mCcP3w14QEVL7eiImmhbQOMoKlmeUZcO2sOVLvb4qPlxPQ0vmaiOjg9hzQJj3t-CWrOaRdotWO1CJ8zCrHgtU6K_P53TlZ5CDjYYRFClVSI8MIgXGyCVKgyMXCJ__DC5xcX5TbM4F1mFhGHSWciVb9SaLoviaIDN4EGiFoKveaTwUpm-UalrBc1DHVYaV0sfi5DaKPTEqbwxPvFN0wPzNpaNoE4DdNi2KNY2y_JT5Q_g5XtzDIFziuRMT-rK9CityiEzi1xEycxX4126lkHKf06UlxjittwwTzJhHN9DLLQribeln7Ogw1jGBSIy5oZIKAh9sslUwxdphsle0FXY4E5p6f9UqZwOAwOtAwl1V7V9IRqLRUY8XMnu41cY855EtNlytI98n5i9OSNsEVj9GrvHDNG6I_G27MEd3_rHXly0GfFpBgPySYzqaEhAKLXOS_zT-3oK6aMidzXxyw7-GsWcGg5cwtiskSBb5ekbsu0_kcoKXN7dB80IJikP5Aod4-PM0bgIP7_E-z2OWZ6gCFwt4XpDDGzYDYTp5uV17l0uD4HOPE_QEKHq0-Fs58k8A7DN-KsfcwyETko5dbLuSMy3tQ08hb_4rE1BUt3MNntlNGQ9qwFTfWXewmF1I7ZqwKIYkLdTu9K9jPRk35XDK9vGFXot2q6kZAMbCoSSWmg6aGW6u7VmUou2axaelewaDAd3Y5meuavm9c8eHeL1-gJTJ-tfYTUAYbygTI9x-OIhIHf8BYbSHgqaG47oRLDbS_3OBO6UuNaAdD0_KsBSSr7IE6D4ZQnE_1FWesfM78EtVUitNRy0TmTWPrhw2WufQKnC5LBgFxHCDWrdwnoVJs-nkPM6Kc6Jq_uv_W3dZ-y7QbqClf74JLktjrjJ5Twyr7Z2hngSlBIpkFzs6_rcL2HLTnqRJ6E2hsylVy66MUkehAxdRXXqCPL7u0vZiHg8r2JQLhnxriiWy8gTc60QHUzM6l4C4RTbbxikphKR9auoN091HUG4sfDymWUnJQ8r4HluAIhN9_K5rTTzGohdjfHlIrFffKRIKzyJWqbyv1PypTYjWSQJdsfpUfkSpUmNacNe4dHFunjR3TWhDDnpiyHAavlxkODNVkAo-p3_r6iRRfiNNrXRgWscGR4jDrhwDyrIv8DTI52ELeqcZlNHQANZL2upFFtR094aNSQGZuTjoVuJ6cp4MIhTvYL0Q9GmLsdLWfFgL_rwO8Ng4LuLtT87b9Y39DBfB3L7oRtUzlwl-JbT5oKWjFI6Ke2I9rWrkOuekeJJ5qyIFZDw--2aQn-IiUWpsmwcKB_0TzeEX9wz8UBVOiVa3a7y7fqaYMenshYh_FMX6NFvYRjKtHcsr66dsnkeYamvelDtrRl_rYbOlDC7m0o31Ymgne2-TVxwdwV--r_uQqYO-8VCL8XL-ePcH0xjCNy15_tWOd5mKWu5i-BUt11kuF9lE1EnStTC68Ij2sCs0Opz_a54p4hdWHEtAkC2RisxeiIK8yNN6UflYqaMSvSkUHtRPJpAoMPqnlb5e7LJgMqHBviPj-hrHHCk86-4RpzcHXDxpBTZiQLkZtQ3XXTqI-tGxX7TzngyX3vSwjDsWie0CjjGItHKfvlsTsgL6X217LhuHlijG98m9tqGe-mQmXOSAE-kP_8dXioN-cGk11L5oKbgWMoo7_2vYOjB90oRI8s0w551-MduUpjwPrL0ak9sEcL81QRDvvek0Lelh5IYBqbKA066VBT-eyfKXBsFqtlh1KQYiiwC2ox9ITDV8pzWddpaUe7yaMFd_S0lSGZgX_1XS_AKu6xoeBKV9YkI_PXVXi6czcVhxYx13PMD2szrFbW8xmx1wHrEyafMQl0FeS747sjbVtK2ykyTJ1j7UwgXk8s-TKvSNxvyzkhWlC01T03zEswvcLR51_gDWAhl8BBHs_LYf1I68zuFzH0Iszf08jjbcGM7OxoybUz8FDd0ZkK93ZItw8Hcy8ZepLWCfGa-NidW_6wUZi3KkGFbvwB6SXV5mklkYLeEgEs0XdtIfeO6tyQQ0d2cOP1wncUgzEYfjMJWXgs8yScxWts0RfTgmjSeWj08w2HI7NCkdq7kimQ_tJeym2nhBRAVnrHdtZnVgi_fO4w-LEELlxLDKudVEDbsTRvrsyQnn3QHuyegKzOuHV156K-MIO_MeTqYHrUap-w6kK5WIaypK6wt8iSJzZg31xaJF1i0Wo7ktx0hUdi0_kPyA%3D&rank=1&testVersionOverride=Buttercup%2C44204.0.0%2C44203.0.0%2C43549.129874.3%2C43550.132977.1%2C31936.102311.0%2C33775.98848.1%2C38414.114301.0%2C39483.0.0%2C38427.115718.3%2C42444.0.0%2C42589.0.0%2C42876.124673.0%2C42973.0.0%2C42974.0.0%2C42975.0.0%2C42976.0.0%2C42802.125960.1%2C33739.99567.0%2C37898.109354.0%2C37930.0.0%2C37949.0.0%2C37354.113955.1%2C43435.128144.0%2C43153.133019.3&slots=&position=1&beaconIssued=&sort=RECOMMENDED&top_dp=135&top_cur=USD&userIntent=&selectedRoomType=200280639&selectedRatePlan=220295682,Holiday Inn Guayaquil Airport,135,4.5,"Av. de Las Américas,junto al Aeropuerto, Intl. Jose Joaquin de Olmedo, Guayaquil, Guayas",More travel,guayaquil,2
1,2022-11-03,hotel,https://www.expedia.com///Guayaquil-Hotels-Courtyard-By-Marriott-Guayaquil.h2745088.Hotel-Information?chkin=2022-11-10&chkout=2022-11-11&x_pwa=1&rfrr=HSR&pwa_ts=1667499853155&referrerUrl=aHR0cHM6Ly93d3cuZXhwZWRpYS5jb20vSG90ZWwtU2VhcmNo&useRewards=true&rm1=a2&regionId=6337570&destination=Guayaquil%2C+Guayaquil%2C+Guayas%2C+Ecuador&destType=MARKET&neighborhoodId=553248635976397411&trackingData=AAAAAQAAAAEAAAAQcTh6CibRZdF-t-OOmJ_o-jbhlLY3r9Dbmwm0u4y5iS-I6J0In_JcDM7U-vzkM7dk0YtjHEGkSM16tw4sxGnmJqvwW2rdXmF_usUmRDFSs-mH3rz1iLugffEtQCij7Cb3zsesHXuVKjLdJFj61BZH0UIabMTfzCuz-T9O0Jg6bJjXZmCioYZ8C_Chwel9n3oqAEvDqz7-rdteFWRMtaUYAxVisWRIfdhsNMs-fyrSPOGsiOupwABEBbP-mqQfGAO2_fD9EiBUk4Wr6x0f0bI7PQTEt2BbCxs6kJJog6S1g5-tmt6NqOZo0ipnslPCyHISQof3sMJqngACic_h8nqT7VmTwu8sfGZejFRKyIZ-6oh3SYJ4i7swiSH-TSJPRUVHXqQILyKpWqNVXy8x3zWKzwc0BVPr7e1U1W5C5ycygnvotSjifCbEuQEHl7rsDNBKVcJDTyR9Us0fP-0Ca9gU2B8Sqwa_7z-O0aX6xoKM-7E9WKIX9OqotjUu6umjVgoM-L02cxxtR3NstvVEzcWCy46FRXT-bDQ3thAArCBK1M8iOSk9zuij38r43eeE2gAQnIk3ElChZ5dPqfbVL7ZHfvfRyZU0bPnK4lFl-9Dfsn7j5aTtkNh9d_SbQ4l-oAIF74IuBWfsITiCeCl6r4nxAw5_MCXOr1rbHJ7yfpfgHyx89mH-IJ2r1VWfvGeZnRlo4ddpwL4fEWt7NlPaUYL6xrHqjNniGf4M45wTSdE51RtRrju2ZYWtBtGJmBIgirSK4QKnmHiF2ffpEzpKcuT6b3126xkBhC7zfxVyQ4ch_ksd3ncTyn-R3x_ofs6rrayLGqnOuFcmWe4IB3hGX12TAU7VeVJRGs64IdEXCQlIpKZgaPXxewa30_73vLlw471VYl3TEyyZO5HsECQ0ZK1LjavoHHr4NK321PwrNFwXwFwdQxMpP8-zkDt7_AMPsxKaVsu85mXrYyNXz8w4vCIrRNcRiQmPba_YF70cZsJonb5hWGllpwLzJgNTEG4bt3231OceMebBfILflXEgNgIws98UQ33kG74FS-fj70b8a6COJ49ATYDjOMbHZs-ZlWOdGfF7cZcZZILTy4JYR1NxXBQBIcYRRaaLGfNYKLolEY9fEx2n4q6u25lXCx86HYZbcB_J4ozfilET7OtrWc0c6Ni_KQSjJ4a4ww68vGKSnkrgb1B1MWOgJckOg9gA8hMi4kqk14rzeT0eMqoAMDZ3A0mCzKoya14z9nV17yzZR13T1iAr_EgyeeAEpvvK_06lYrj47rLPu3CL1xB0xOHScleRKKAvOvdF7tHbWO1-XW0VaXWhkPA_cEORPQ3SmGCXqkw69PdDqufFktAxVQOkqQnOy8nPoQwZVeTue7U6-qIDtY4O9WQFbDE_smpyiAFn6Wu4r8-CNA9Xs8mUDbEjHlyodoOFqAE7vA-4pK8mAw7GvtNKZ22zbMlG2QR7ybpqE0gtY7Mo_dwgBwgGaLQtatB5IqscHLvSfOnoRJ_7lC9YHVTS4xCo1MwfiyzNZqFfj-2ic_8QlrfzFtQYWNACvCmpj2YtVmUltaUxTYex_VafLBTWVCrywjXByI5UhRnOnYZpjWrU0wvswtfzxrQUKcoM9ACQIT1UoCFamFsmPLMh1gk5TxdfjuintxYbLLk4rvDXVE6VCYJk7As-1TZOsyuDR9AQNdb46H5tgrxf6kPG5Pqq2ZJSTCDzNoU2_1SBUcw_ErV7-5IX3IK1UdLdjpkaw4X-YT9hXYEByBAt8Qp1RZki-gWnXHvt-lxiL6mwjJ8m-jgHT8OH_pcQV_LpL-xUswiYJRBUwf1s11TmyQW3CXaIFtss7BzV4B6gRXmtV1PnajfGUY9efXVEf1mylEAA7zPebka8HxQsYawSo4R4t3_GweNaFo4ByeaxR60hkoZ0KI3uNBvRtWTKPOVdCUIjABzM-FD1ZoHzPv-G0ciGwGEFZ4OQ8aBaOxLIqbdWT7J-4rhOa5l8AUY-rn4_YCdIls-728ODsfipOqMTOe86_mvd1Ce8C4I9gpQJ-oUdYNKNDGbafG_tGsBYis0nqrwnStuYGAl2jAV82Ym7MT8U8C429mxtgH1aXYXTAntzF1wCd8TzPYhWlhqnUmhjbvoCTu-1gmrZ0H1qK7MIZ_-FVlnbkXj3EsipxJmi1eMrc4mmUo9STFIyE4XwZF_ZvD0H3sTfw-q9MqUespWgq28_GoIFyChE1lhQF5G8IYoI0yaOFYFp28ET0pz5QgiJSe6OLwMA9MCuaFFPApDIIeXeanSsbGYd19wqsZL0O34ARvC3pGqjL8gof5DwKSorHPYSU6KKWj1yfSkg2jCKbR0O6rOIhh0ZakjZJz_qwwvPcay-w5V8RaHaxsTkjJEJVEbXlvdwoOCaBSqJWfSNyN0%3D&rank=2&testVersionOverride=Buttercup%2C44204.0.0%2C44203.0.0%2C43549.129874.3%2C43550.132977.1%2C31936.102311.0%2C33775.98848.1%2C38414.114301.0%2C39483.0.0%2C38427.115718.3%2C42444.0.0%2C42589.0.0%2C42876.124673.0%2C42973.0.0%2C42974.0.0%2C42975.0.0%2C42976.0.0%2C42802.125960.1%2C33739.99567.0%2C37898.109354.0%2C37930.0.0%2C37949.0.0%2C37354.113955.1%2C43435.128144.0%2C43153.133019.3&slots=&position=2&beaconIssued=&sort=RECOMMENDED&top_dp=119&top_cur=USD&userIntent=&selectedRoomType=421517&selectedRatePlan=1459264,Courtyard by Marriott Guayaquil,119,4.4,"Av. Francisco De Orellana #236, Guayaquil, Guayas, 00000",More travel,guayaquil,2
2,2022-11-03,hotel,https://www.expedia.com///Guayaquil-Hotels-Wyndham-Garden-Guayaquil.h1273513.Hotel-Information?chkin=2022-11-10&chkout=2022-11-11&x_pwa=1&rfrr=HSR&pwa_ts=1667499853154&referrerUrl=aHR0cHM6Ly93d3cuZXhwZWRpYS5jb20vSG90ZWwtU2VhcmNo&useRewards=true&rm1=a2&regionId=6337570&destination=Guayaquil%2C+Guayaquil%2C+Guayas%2C+Ecuador&destType=MARKET&neighborhoodId=553248635976384862&sort=RECOMMENDED&top_dp=85&top_cur=USD&userIntent=&selectedRoomType=320992291&selectedRatePlan=387526736,Wyndham Garden Guayaquil,85,4.2,"Juan Tanca Marengo Ave, Abel Romero St. Plaza Del Sol, Guayaquil, Guayas, 09 01 5879",More travel,guayaquil,2
3,2022-11-03,hotel,https://www.expedia.com///Guayaquil-Hotels-Grand-Hotel-Guayaquil.h6750908.Hotel-Information?chkin=2022-11-10&chkout=2022-11-11&x_pwa=1&rfrr=HSR&pwa_ts=1667499853154&referrerUrl=aHR0cHM6Ly93d3cuZXhwZWRpYS5jb20vSG90ZWwtU2VhcmNo&useRewards=true&rm1=a2&regionId=6337570&destination=Guayaquil%2C+Guayaquil%2C+Guayas%2C+Ecuador&destType=MARKET&neighborhoodId=6337572&sort=RECOMMENDED&top_dp=68&top_cur=USD&userIntent=&selectedRoomType=202440685&selectedRatePlan=383223213,"Grand Hotel Guayaquil, Ascend Hotel Collection",68,4.5,"Boyaca 1615, Guayaquil, Guayas",More travel,guayaquil,2
4,2022-11-03,hotel,https://www.expedia.com///Guayaquil-Hotels-Holiday-Inn-Guayaquil-Airport.h5959068.Hotel-Information?chkin=2022-11-10&chkout=2022-11-11&x_pwa=1&rfrr=HSR&pwa_ts=1667499853154&referrerUrl=aHR0cHM6Ly93d3cuZXhwZWRpYS5jb20vSG90ZWwtU2VhcmNo&useRewards=true&rm1=a2&regionId=6337570&destination=Guayaquil%2C+Guayaquil%2C+Guayas%2C+Ecuador&destType=MARKET&sort=RECOMMENDED&top_dp=135&top_cur=USD&userIntent=&selectedRoomType=200280639&selectedRatePlan=220295682,Holiday Inn Guayaquil Airport,135,4.5,"Av. de Las Américas,junto al Aeropuerto, Intl. Jose Joaquin de Olmedo, Guayaquil, Guayas",More travel,guayaquil,2
5,2022-11-03,hotel,https://www.expedia.com///Guayaquil-Hotels-Oro-Verde-Guayaquil.h23682.Hotel-Information?chkin=2022-11-10&chkout=2022-11-11&x_pwa=1&rfrr=HSR&pwa_ts=1667499853155&referrerUrl=aHR0cHM6Ly93d3cuZXhwZWRpYS5jb20vSG90ZWwtU2VhcmNo&useRewards=true&rm1=a2&regionId=6337570&destination=Guayaquil%2C+Guayaquil%2C+Guayas%2C+Ecuador&destType=MARKET&neighborhoodId=6337572&sort=RECOMMENDED&top_dp=119&top_cur=USD&userIntent=&selectedRoomType=315960429&selectedRatePlan=385163890,Oro Verde Guayaquil,119,4.7,"9 De Octubre Y Garcia Moreno, Guayaquil, Guayas",More travel,guayaquil,2
6,2022-11-03,hotel,https://www.expedia.com///Guayaquil-Hotels-TRYP-By-Wyndham-Guayaquil.h4436047.Hotel-Information?chkin=2022-11-10&chkout=2022-11-11&x_pwa=1&rfrr=HSR&pwa_ts=1667499853154&referrerUrl=aHR0cHM6Ly93d3cuZXhwZWRpYS5jb20vSG90ZWwtU2VhcmNo&useRewards=true&rm1=a2&regionId=6337570&destination=Guayaquil%2C+Guayaquil%2C+Guayas%2C+Ecuador&destType=MARKET&neighborhoodId=553248635976384862&sort=RECOMMENDED&top_dp=113&top_cur=USD&userIntent=&selectedRoomType=314086858&selectedRatePlan=383146072,TRYP by Wyndham Guayaquil,113,4.3,"Av. Joaquín Orrantia y L. Benitez, Guayaquil, Guayas, 90150",More travel,guayaquil,2
7,2022-11-03,hotel,https://www.expedia.com///Guayaquil-Hotels-Sheraton-Guayaquil-Hotel.h556000.Hotel-Information?chkin=2022-11-10&chkout=2022-11-11&x_pwa=1&rfrr=HSR&pwa_ts=1667499853156&referrerUrl=aHR0cHM6Ly93d3cuZXhwZWRpYS5jb20vSG90ZWwtU2VhcmNo&useRewards=true&rm1=a2&regionId=6337570&destination=Guayaquil%2C+Guayaquil%2C+Guayas%2C+Ecuador&destType=MARKET&neighborhoodId=553248635976384862&trackingData=AAAAAQAAAAEAAAAQ2WbcBphodoYCoKtARGzZxMmEoqQbGAk60SFmyYVe7ZsVuNMsljSRKDlVzMQvtD5SkLpj3fiaJC23KjdSYlsY7Z4EBCz1moHlxA_Xt-8LBd9NMde_WH575SP129YEGvtrvC6VicTzXYvsTuDBQrSmZpacTLm6XDDk30P-4tj_-ahP1lRCp0oFQTMptH5K5D0Gzb9m87Dr6leLko0b-fgjbxptXYp7vEVJgq_beJyRaph3unW-Y5Yl-LJAUicm_tepkEAXOawntkwyFeqptFsmGMVXFxMJMRfJvALfayZcnDpvKWEkBHM7RwZmnpwoDucUFS91y66cMNHLUIpWeoQGoSMMeDogg9Qs1TVXd9Co0Y7LzB2KJXt4_IZFsIZbeBXvNVS0ljyNrYZ5foZKni89Ta6P-EeO1omOLUc1-Xdr8-x4SqLcGJAUvvewW7k3-x7jULvX0ggOUYbG2F9XWXs3zxL-7tgX_Ukf4X1Tg9epHP-dTwa8kE6YyjesZZqLzfJlhXNn9065rbUue2pX8K0h5RVaYyDBav2Le3YOTk0oJS6kkHrjWJez6ufsvaAw5E6q_nBQjb1FmDq-PXJyh0zmwM0DiGSa7qMGiG6qgFfybBE8ayXU4YSo6wpuE4hzemjeD0U_DgfSmI_7IlBoo_ivBIKaqanQWhQgs5Nps9ORZxX9YPTOlfRoNlNk1jSD__vHgeAcr9s6mh4ndYEbCvbtYMUKVI8qwmHeUnv9lR_DEt6JDVy7h2Bn2M-AB5Qkx5fwuADWFv4cNOopi4ZMAtmsqhUFqmu9UiYdkKsbzgKpmofWs4yKrZW8FmwlI_3OE0MspNYjiBdCxtN18bhHnl3ycBAimp4LksUMEhE2eQbdY6C0_EzOjE2-q4bUptvLOJF5QkWsisLithmJEiIb_ltFDO5dcgc2N01ftjif_2GAG0T707JeziZzS6NZipOBiC1khUpz9p0sFCScEsWG-yfvD1AL-dKvqE0vRcsjzz03ww6roRAIZ9wrUfv8-Hej-6glFNCSVCeHMqRrEsQA6e5s_ncbyaDNi4xP1Bvxtfv3vv3qkIpTRA8z07zJE0IKrE0J0RstYKS_QGhTb50KAh9_AlgJe9n0cOg8ejRHoij521WjRt_zBMzQ5JWPRGQyWjeexj4wG2JKq-av6bZ_MPeuNPjUYXx2zHWlhlW7l9_SXBDiTcAhWN5FF7ptfjYfkZ1YKkTq685pf26OX_uZDAedpiIXEnRn4lG_NJb1-VTcDIzoER6cctZS0zl-3EXZTzND6b5PQKKHGWA1u4_ESBbj188vvmXsoqBlNlL-Z9XJaYYV6v-v4eQDcgriapFc3llOKzy33OnV8QD5pp49kcOSUR7e4uKnB65FFVfjnrt2I-tCkW0QcVWsePR9hhV27wny1XTvxxmfk0eij5zobqH-HY_bqHak1Ws_wxP9k93UDA-j2lo41nXb0RimE7ktXAxu51VmS7pxLvCzkrYlN0ecMh-L1qukjORgjciAqtGDEKWTxmhhTGe5_E90Bc3FpK0YHnjwFLmShNBSZCmJs8V538JC8oj8UkhSX1NV2hxDDtKizJeUMrML0XT4Aso9XvCqTBTZ-UEm_v-iDShESuT7vuFmk8Yt_FwvjZ0LWVz0LZyHkViKD8L3eZ0GDAm-F_P-RfaYm4FEYLkyTVzYcSs-mVt9eZDc9o1nRGzfDp4LYfT67cZg8aR636L0I8-xhXFaHZY4_QxFIJVe02OgTWMAfU4eJ5h8-imPpZkzJXrASZwkwvlP-IVCJc7U0_mOSBMdgBidfPIgJgWvmEBvDzKcUpiVdVPtVJm5foguv50MwNWvfkAYoaTfvZytwsshlGKKi52-VOV0LC1PPyyZVYXAGEuFg2thJwf5WchctA2hfPtp5tIlmuegJLV_uab3P6R6vOfXu1MwYWzgpDXeNnE2ysmmRelupxklixjpo0AQZFuPWp7AA02ARsSsmltN3-yeN5Jb3RWolHe1cSaYsBbE3_s0887D334-z3G8p30FSc9j-HD92FtD1XXbBvJJTyvE9Mas2vpVwa2eer6srZSxgfI2uFh3zxRCWZfriCfrECsU8YToLayZbRvNMsaokY8ov3EDCToUauuFv_jYkujzqtbJXHU5pFlddrA-Aus8686981RYoQLcgVHfu0sDvnAt3ZFAMNGBjtmz1xIPqDP7TAGqGEx90VCtwE0ZwI97-YETuDtZEWSGDyh2OMx6GtoiXl7NQxtVAUARHnXsU-xr4BHvfEvhBRrS73mYWXDrKQCuTBpYW6zucbmF2q6N4-dbs6cwPfznDMMESrVx4-ODfjSa5wAhV29nQNmM5PYZLIljMZbbMUDWQWHKH2jM-0BcXHIPunKKdfjIQNNVwnEYd4-_fr3qOPVhcUYhLwdceoE%3D&rank=3&testVersionOverride=Buttercup%2C44204.0.0%2C44203.0.0%2C43549.129874.3%2C43550.132977.1%2C31936.102311.0%2C33775.98848.1%2C38414.114301.0%2C39483.0.0%2C38427.115718.3%2C42444.0.0%2C42589.0.0%2C42876.124673.0%2C42973.0.0%2C42974.0.0%2C42975.0.0%2C42976.0.0%2C42802.125960.1%2C33739.99567.0%2C37898.109354.0%2C37930.0.0%2C37949.0.0%2C37354.113955.1%2C43435.128144.0%2C43153.133019.3&slots=&position=8&beaconIssued=&sort=RECOMMENDED&top_dp=180&top_cur=USD&userIntent=&selectedRoomType=217224556&selectedRatePlan=268113289,Sheraton Guayaquil Hotel,215,4.4,"Av. Constitucion, Plaza del Sol, Frente al Mall del Sol, Guayaquil, Guayas, 99999",More travel,guayaquil,2
8,2022-11-03,hotel,https://www.expedia.com///Guayaquil-Hotels-Hotel-Marcelius.h8710429.Hotel-Information?chkin=2022-11-10&chkout=2022-11-11&x_pwa=1&rfrr=HSR&pwa_ts=1667499853159&referrerUrl=aHR0cHM6Ly93d3cuZXhwZWRpYS5jb20vSG90ZWwtU2VhcmNo&useRewards=true&rm1=a2&regionId=6337570&destination=Guayaquil%2C+Guayaquil%2C+Guayas%2C+Ecuador&destType=MARKET&neighborhoodId=553248635976397411&sort=RECOMMENDED&top_dp=70&top_cur=USD&userIntent=&selectedRoomType=200741223&selectedRatePlan=203681114,Hotel Marcelius,70,4.0,"Kennedy Norte J. Falconi y Jose A. Tama, Guayaquil, Guayas",More travel,guayaquil,2
9,2022-11-03,hotel,https://www.expedia.com///Guayaquil-Hotels-Courtyard-By-Marriott-Guayaquil.h2745088.Hotel-Information?chkin=2022-11-10&chkout=2022-11-11&x_pwa=1&rfrr=HSR&pwa_ts=1667499853154&referrerUrl=aHR0cHM6Ly93d3cuZXhwZWRpYS5jb20vSG90ZWwtU2VhcmNo&useRewards=true&rm1=a2&regionId=6337570&destination=Guayaquil%2C+Guayaquil%2C+Guayas%2C+Ecuador&destType=MARKET&neighborhoodId=553248635976397411&sort=RECOMMENDED&top_dp=119&top_cur=USD&userIntent=&selectedRoomType=421517&selectedRatePlan=1459264,Courtyard by Marriott Guayaquil,119,4.4,"Av. Francisco De Orellana #236, Guayaquil, Guayas, 00000",More travel,guayaquil,2
10,2022-11-03,hotel,https://www.expedia.com///Guayaquil-Hotels-Hotel-Puerto-Pacifico.h48220680.Hotel-Information?chkin=2022-11-10&chkout=2022-11-11&x_pwa=1&rfrr=HSR&pwa_ts=1667499853157&referrerUrl=aHR0cHM6Ly93d3cuZXhwZWRpYS5jb20vSG90ZWwtU2VhcmNo&useRewards=true&rm1=a2&regionId=6337570&destination=Guayaquil%2C+Guayaquil%2C+Guayas%2C+Ecuador&destType=MARKET&neighborhoodId=553248633981707957&sort=RECOMMENDED&top_dp=73&top_cur=USD&userIntent=&selectedRoomType=316388035&selectedRatePlan=387236373,Hotel Puerto Pacifico Guayaquil Airport,73,4.3,"Av 33. Ciudadela La Garzota, Mz. 83 Solar 6-9, Guayaquil, Guayas, 090513",More travel,guayaquil,2
11,2022-11-03,hotel,https://www.expedia.com///Guayaquil-Hotels-Unipark-By-Oro-Verde-Hotels.h4375.Hotel-Information?chkin=2022-11-10&chkout=2022-11-11&x_pwa=1&rfrr=HSR&pwa_ts=1667499853159&referrerUrl=aHR0cHM6Ly93d3cuZXhwZWRpYS5jb20vSG90ZWwtU2VhcmNo&useRewards=true&rm1=a2&regionId=6337570&destination=Guayaquil%2C+Guayaquil%2C+Guayas%2C+Ecuador&destType=MARKET&neighborhoodId=6337572&sort=RECOMMENDED&top_dp=89&top_cur=USD&userIntent=&selectedRoomType=315960443&selectedRatePlan=385163939,Unipark by Oro Verde Hotels,89,4.4,"Clemente Ballén 406, entre Chile y Chimborazo, Guayaquil, Guayas, 901563",More travel,guayaquil,2
12,2022-11-03,hotel,https://www.expedia.com///Guayaquil-Hotels-River-Garden-Hotel-Suites.h70415066.Hotel-Information?chkin=2022-11-10&chkout=2022-11-11&x_pwa=1&rfrr=HSR&pwa_ts=1667499853161&referrerUrl=aHR0cHM6Ly93d3cuZXhwZWRpYS5jb20vSG90ZWwtU2VhcmNo&useRewards=true&rm1=a2&regionId=6337570&destination=Guayaquil%2C+Guayaquil%2C+Guayas%2C+Ecuador&destType=MARKET&neighborhoodId=6337572&sort=RECOMMENDED&top_dp=136&top_cur=USD&userIntent=&selectedRoomType=315468755&selectedRatePlan=383705644,River Garden Hotel & Suites,136,4.5,"Imbabura, Guayaquil, Guayas, 090313",More travel,guayaquil,2
13,2022-11-03,hotel,https://www.expedia.com///Guayaquil-Hotels-Radisson-Guayaquil.h19213532.Hotel-Information?chkin=2022-11-10&chkout=2022-11-11&x_pwa=1&rfrr=HSR&pwa_ts=1667499853159&referrerUrl=aHR0cHM6Ly93d3cuZXhwZWRpYS5jb20vSG90ZWwtU2VhcmNo&useRewards=true&rm1=a2&regionId=6337570&destination=Guayaquil%2C+Guayaquil%2C+Guayas%2C+Ecuador&destType=MARKET&sort=RECOMMENDED&top_dp=119&top_cur=USD&userIntent=&selectedRoomType=202067561&selectedRatePlan=294238774,Radisson Guayaquil,119,4.7,"Avenida Gral Francisco Bolona 503A, y Calle Jorge Insua Hindr, Guayaquil, Pichincha",More travel,guayaquil,2
